{
    "Altas_Horas => Malhação": {
        "confidence": 0.5045045045045045,
        "support": 0.021806853582554516
    },
    "Botafogo_de_Futebol_e_Regatas => Club_de_Regatas_Vasco_da_Gama": {
        "confidence": 0.5588235294117647,
        "support": 0.02219626168224299
    },
    "Capricho & Capricho_Awards => Malhação": {
        "confidence": 0.8072916666666666,
        "support": 0.030179127725856698
    },
    "Capricho => Malhação": {
        "confidence": 0.708,
        "support": 0.0689252336448598
    },
    "Capricho_Awards & Malhação => Capricho": {
        "confidence": 0.842391304347826,
        "support": 0.030179127725856698
    },
    "Capricho_Awards => Capricho": {
        "confidence": 0.8458149779735683,
        "support": 0.037383177570093455
    },
    "Capricho_Awards => Capricho & Malhação": {
        "confidence": 0.6828193832599119,
        "support": 0.030179127725856698
    },
    "Capricho_Awards => Malhação": {
        "confidence": 0.8105726872246696,
        "support": 0.03582554517133956
    },
    "Chay_Suede => Malhação": {
        "confidence": 0.6568047337278107,
        "support": 0.02161214953271028
    },
    "Fluminense_Football_Club => Sport_Club_Corinthians_Paulista": {
        "confidence": 0.5093167701863354,
        "support": 0.015965732087227413
    },
    "Harry_Potter => One_Direction": {
        "confidence": 0.5036144578313253,
        "support": 0.04069314641744548
    },
    "MTV => Justin_Bieber": {
        "confidence": 0.5412371134020618,
        "support": 0.02044392523364486
    },
    "Manu_Gavassi => Malhação": {
        "confidence": 0.745,
        "support": 0.029010903426791277
    },
    "Rodrigo_Simas => Malhação": {
        "confidence": 0.7559055118110236,
        "support": 0.018691588785046728
    },
    "Sociedade_Esportiva_Palmeiras => Sport_Club_Corinthians_Paulista": {
        "confidence": 0.599009900990099,
        "support": 0.023559190031152647
    },
    "Twitcam => Malhação": {
        "confidence": 0.5866666666666667,
        "support": 0.017133956386292833
    }
}